"","fit","delta","w"
"1",149267.286421926,149381.903152692,0
"2",-104.994850513749,9.62188025286622,0.00807447540777929
"3",-114.616730766615,0,0.991925524592221
"4",153253.671781181,153368.288511948,0
